,title,artist,lyrics,audio,text_arousal,text_valence,audio_arousal,audio_valence,arousal,valence
2rPE9A1vEgShuZxxzR2tZH,"thank u, next",Ariana Grande,temp/temp_2rPE9A1vEgShuZxxzR2tZH.txt,temp/temp_features_2rPE9A1vEgShuZxxzR2tZH.csv,0.09074505494505494,0.12350769230769229,0.5299162219212371,0.6048126453017244,,
5p7ujcrUXASCNwRaWNHR1C,Without Me,Halsey,temp/temp_5p7ujcrUXASCNwRaWNHR1C.txt,temp/temp_features_5p7ujcrUXASCNwRaWNHR1C.csv,0.08631566820276498,0.12103225806451613,0.5271214186296854,0.5591995976660415,,
1A6OTy97kk0mMdm78rHsm8,Sunflower - Spider-Man: Into the Spider-Verse,Post Malone,,temp/temp_features_1A6OTy97kk0mMdm78rHsm8.csv,,,0.5124031345739671,0.5661718568595235,,
5tAa8Uaqr4VvA3693mbIhU,Ruin My Life,Zara Larsson,temp/temp_5tAa8Uaqr4VvA3693mbIhU.txt,temp/temp_features_5tAa8Uaqr4VvA3693mbIhU.csv,0.13777759197324413,0.1306789297658863,0.5598833970605289,0.5966670805817827,,
2LskIZrCeLxRvCiGP8gxlh,Arms Around You (feat. Maluma & Swae Lee),XXXTENTACION,,temp/temp_features_2LskIZrCeLxRvCiGP8gxlh.csv,,,0.6196000899023175,0.6286138565777298,,
6rrTr2HEAzlpC4KWZxF3S1,Woman Like Me (feat. Nicki Minaj),Little Mix,temp/temp_6rrTr2HEAzlpC4KWZxF3S1.txt,temp/temp_features_6rrTr2HEAzlpC4KWZxF3S1.csv,0.1258829479768786,0.18750144508670522,0.507143155706253,0.5244779024498638,,
2RSHsoi04658QL5xgQVov3,Bad Liar,Imagine Dragons,temp/temp_2RSHsoi04658QL5xgQVov3.txt,temp/temp_features_2RSHsoi04658QL5xgQVov3.csv,0.13572727272727272,0.13623426573426572,0.5454841969957112,0.5685002360155629,,
14sOS5L36385FJ3OL8hew4,Happy Now (feat. Sandro Cavazza),Kygo,,temp/temp_features_14sOS5L36385FJ3OL8hew4.csv,,,0.6308865567340018,0.6375276469063944,,
5JEx7HbmvHQQswJCsoo9rA,Close To Me (with Diplo) (feat. Swae Lee),Ellie Goulding,,temp/temp_features_5JEx7HbmvHQQswJCsoo9rA.csv,,,0.5482199845725241,0.6082058078499754,,
14JzyD6FlBD5z0wV5P07YI,when the party's over,Billie Eilish,temp/temp_14JzyD6FlBD5z0wV5P07YI.txt,temp/temp_features_14JzyD6FlBD5z0wV5P07YI.csv,0.1089040404040404,0.15639898989898993,0.42094961839715284,0.4600774350185227,,
25sgk305KZfyuqVBQIahim,Sweet but Psycho,Ava Max,temp/temp_25sgk305KZfyuqVBQIahim.txt,temp/temp_features_25sgk305KZfyuqVBQIahim.csv,0.15288592233009707,0.12876699029126212,0.610727736972572,0.638973366448923,,
5sdb5pMhcK44SSLsj1moUh,I Found You (with Calvin Harris),benny blanco,,temp/temp_features_5sdb5pMhcK44SSLsj1moUh.csv,,,0.51129934913571,0.5133516437864011,,
7jr3iPu4O4bTCVwLMbdU2i,Kiss and Make Up,Dua Lipa,temp/temp_7jr3iPu4O4bTCVwLMbdU2i.txt,temp/temp_features_7jr3iPu4O4bTCVwLMbdU2i.csv,0.11967763157894734,0.16132236842105263,0.6319688921849677,0.6611460722775147,,
4CH66Rxcjcj3VBHwmIBj4T,BAD!,XXXTENTACION,,temp/temp_features_4CH66Rxcjcj3VBHwmIBj4T.csv,,,0.5349793092645753,0.5779600504105789,,
4w8niZpiMy6qz1mntFA5uM,"Taki Taki (with Selena Gomez, Ozuna & Cardi B)",DJ Snake,temp/temp_4w8niZpiMy6qz1mntFA5uM.txt,temp/temp_features_4w8niZpiMy6qz1mntFA5uM.csv,0.05876538461538462,0.08015,0.523040469743051,0.5568912194751753,,
1uru26I2JKd2mQZt0MDCUe,Empty Space,James Arthur,temp/temp_1uru26I2JKd2mQZt0MDCUe.txt,temp/temp_features_1uru26I2JKd2mQZt0MDCUe.csv,0.11630612244897959,0.19455685131195338,0.5313840164242997,0.5520206599384377,,
116H0KvKr2Zl4RPuVBruDO,MIA (feat. Drake),Bad Bunny,temp/temp_116H0KvKr2Zl4RPuVBruDO.txt,temp/temp_features_116H0KvKr2Zl4RPuVBruDO.csv,0.014702205882352942,0.019586397058823528,0.482441518198223,0.5191721516815275,,
3WefHNGtjexZvi66ZEx9u4,Hurts Like Hell (feat. Offset),Madison Beer,,temp/temp_features_3WefHNGtjexZvi66ZEx9u4.csv,,,0.5802006749386619,0.6187815269324082,,
6xtcFXSo8H9BZN637BMVKS,Let You Love Me,Rita Ora,temp/temp_6xtcFXSo8H9BZN637BMVKS.txt,temp/temp_features_6xtcFXSo8H9BZN637BMVKS.csv,0.09995020746887966,0.14658921161825725,0.5902244316711527,0.6267137036670448,,
6SkHm6poyKfzV6kc9any8k,Suncity (feat. Empress Of),Khalid,temp/temp_6SkHm6poyKfzV6kc9any8k.txt,temp/temp_features_6SkHm6poyKfzV6kc9any8k.csv,0.07362121212121212,0.11953636363636364,0.49630790966438865,0.5301530951914388,,
6QfS2wq5sSC1xAJCQsTSlj,Shallow - Radio Edit,Lady Gaga,,temp/temp_features_6QfS2wq5sSC1xAJCQsTSlj.csv,,,0.5233498891459882,0.5829905770025255,,
2r1T6xGTVaNAqBoPH4lZEE,Waste It On Me (feat. BTS),Steve Aoki,temp/temp_2r1T6xGTVaNAqBoPH4lZEE.txt,temp/temp_features_2r1T6xGTVaNAqBoPH4lZEE.csv,0.07147368421052631,0.08607157894736842,0.5944170854990319,0.5931287529856529,,
2xLMifQCjDGFmkHkpNLD9h,SICKO MODE,Travis Scott,temp/temp_2xLMifQCjDGFmkHkpNLD9h.txt,temp/temp_features_2xLMifQCjDGFmkHkpNLD9h.csv,0.09093662864385296,0.11732699619771861,0.4994797693048041,0.5455165459709826,,
2hnxrRNzF74mdDzpQZQukQ,There's No Way (feat. Julia Michaels),Lauv,temp/temp_2hnxrRNzF74mdDzpQZQukQ.txt,temp/temp_features_2hnxrRNzF74mdDzpQZQukQ.csv,0.1099763779527559,0.1673753280839895,0.5658793270892594,0.5847246825604645,,
2GGMabyHXnJmjY6CXhhB2e,Money,Cardi B,temp/temp_2GGMabyHXnJmjY6CXhhB2e.txt,temp/temp_features_2GGMabyHXnJmjY6CXhhB2e.csv,0.1268653846153846,0.14324679487179487,0.4808276790936631,0.5274242361939272,,
5aXgz1oKK8Q9z9xvTmSnrO,Topanga,Trippie Redd,temp/temp_5aXgz1oKK8Q9z9xvTmSnrO.txt,temp/temp_features_5aXgz1oKK8Q9z9xvTmSnrO.csv,0.09188826815642459,0.08205865921787708,0.6218564745855881,0.6430293832837827,,
2dpaYNEQHiRxtZbfNsse99,Happier,Marshmello,temp/temp_2dpaYNEQHiRxtZbfNsse99.txt,temp/temp_features_2dpaYNEQHiRxtZbfNsse99.csv,0.1547415143603133,0.22104438642297647,0.5092399384176756,0.552817133557147,,
5AdnkoZJuRJCYqYBIzSqFb,Light On,Maggie Rogers,temp/temp_5AdnkoZJuRJCYqYBIzSqFb.txt,temp/temp_features_5AdnkoZJuRJCYqYBIzSqFb.csv,0.09861852861035422,0.15235694822888282,0.6313584831707298,0.6130895880073348,,
05mAIVLkIWc2d1UBYZBCp8,1999,Charli XCX,,temp/temp_features_05mAIVLkIWc2d1UBYZBCp8.csv,,,0.6691137462841319,0.6753313648801873,,
0Dn40gxVCMo5TkgS8Ik18Q,Falling Down - Bonus Track,Lil Peep,,temp/temp_features_0Dn40gxVCMo5TkgS8Ik18Q.csv,,,0.6339416865374301,0.6105819854134675,,
4J4zx8xGJpuGndrVc06KaT,Diamond Heart,Alan Walker,temp/temp_4J4zx8xGJpuGndrVc06KaT.txt,temp/temp_features_4J4zx8xGJpuGndrVc06KaT.csv,0.15697922077922077,0.19752727272727272,0.6736874634965657,0.6842028915363862,,
7l3E7lcozEodtVsSTCkcaA,ZEZE (feat. Travis Scott & Offset),Kodak Black,temp/temp_7l3E7lcozEodtVsSTCkcaA.txt,temp/temp_features_7l3E7lcozEodtVsSTCkcaA.csv,0.09605,0.11023,0.4690125775246058,0.5145296628307303,,
1tT55K6VEyO6XFDxK4lDQe,In My Head,Peter Manos,,temp/temp_features_1tT55K6VEyO6XFDxK4lDQe.csv,,,0.3995561534080343,0.4401795709309898,,
1ArLnG0bHaHPXqf08sEKM0,Consequences - orchestra,Camila Cabello,,temp/temp_features_1ArLnG0bHaHPXqf08sEKM0.csv,,,0.49117537590667604,0.5560986601655658,,
6r05pfZigq7Arg25pi2vRm,Checklist (with Calvin Harris) (feat. WizKid),Normani,,temp/temp_features_6r05pfZigq7Arg25pi2vRm.csv,,,0.5540646366806541,0.5904160626933826,,
3ji4bcQugJj5B6NRGYDNwP,Thursday,Jess Glynne,temp/temp_3ji4bcQugJj5B6NRGYDNwP.txt,temp/temp_features_3ji4bcQugJj5B6NRGYDNwP.csv,0.14228042328042326,0.1795185185185185,0.4775220294575032,0.5631848180331674,,
2jZIfoe48eUeOEnP9Ho4h2,No One Compares To You,Jack & Jack,temp/temp_2jZIfoe48eUeOEnP9Ho4h2.txt,temp/temp_features_2jZIfoe48eUeOEnP9Ho4h2.csv,0.08828571428571429,0.14574206349206348,0.5686944367029343,0.5917788873040647,,
0QIjsbm2fh1cJ45XO9eGqq,Wake Up in the Sky,Gucci Mane,,temp/temp_features_0QIjsbm2fh1cJ45XO9eGqq.csv,,,0.5354495735097267,0.5803707204683919,,
2rbDhOo9Fh61Bbu23T2qCk,Always Remember Us This Way,Lady Gaga,temp/temp_2rbDhOo9Fh61Bbu23T2qCk.txt,temp/temp_features_2rbDhOo9Fh61Bbu23T2qCk.csv,0.13294285714285714,0.20273333333333335,0.6335559611580514,0.6377143501402467,,
5qHirGR7M9tdm6C17DlzSY,REEL IT IN,Aminé,,temp/temp_features_5qHirGR7M9tdm6C17DlzSY.csv,,,0.521239157002867,0.5302627474502342,,
2JqnpexlO9dmvjUMCaLCLJ,Love Someone,Lukas Graham,temp/temp_2JqnpexlO9dmvjUMCaLCLJ.txt,temp/temp_features_2JqnpexlO9dmvjUMCaLCLJ.csv,0.15468840579710144,0.21870289855072464,0.5261346010552,0.5525153432952093,,
1wsLHgXJ4SKIfd5ePSX1hD,Polaroid,Jonas Blue,temp/temp_1wsLHgXJ4SKIfd5ePSX1hD.txt,temp/temp_features_1wsLHgXJ4SKIfd5ePSX1hD.csv,0.09915759312320917,0.14963610315186246,0.6298405673674383,0.6629425890898539,,
3EPXxR3ImUwfayaurPi3cm,Be Alright,Dean Lewis,temp/temp_3EPXxR3ImUwfayaurPi3cm.txt,temp/temp_features_3EPXxR3ImUwfayaurPi3cm.csv,0.1261307901907357,0.18838419618528612,0.5099996881759118,0.5378063399868661,,
04MLEeAMuV9IlHEsD8vF6A,No Stylist,French Montana,,temp/temp_features_04MLEeAMuV9IlHEsD8vF6A.csv,,,0.5043776226805017,0.5226985116941836,,
33zcmmElV1YbRZe57biUjg,Celoso,Lele Pons,,temp/temp_features_33zcmmElV1YbRZe57biUjg.csv,,,0.4821915398462515,0.5348988925153411,,
1XXl9pl7ObojHbyJetY75n,A Simple Song,Chris Stapleton,temp/temp_1XXl9pl7ObojHbyJetY75n.txt,temp/temp_features_1XXl9pl7ObojHbyJetY75n.csv,0.12312264150943397,0.18549528301886792,0.3467952246935524,0.3997793418530846,,
2yWTcrs09YISrT3yXZB5Bp,Cheap Suit,Jeffrey Foucault,temp/temp_2yWTcrs09YISrT3yXZB5Bp.txt,temp/temp_features_2yWTcrs09YISrT3yXZB5Bp.csv,0.12198192771084337,0.18870481927710842,0.26986851796430567,0.3912969933681446,,
4xI1VwZa8u3ymeS8hsHKed,Autumn Town Leaves,Iron & Wine,,temp/temp_features_4xI1VwZa8u3ymeS8hsHKed.csv,,,0.4010916723799063,0.5238539116079788,,
0QZ5yyl6B6utIWkxeBDxQN,The Night We Met,Lord Huron,temp/temp_0QZ5yyl6B6utIWkxeBDxQN.txt,temp/temp_features_0QZ5yyl6B6utIWkxeBDxQN.csv,0.09516959064327483,0.11590643274853801,0.5360857093566714,0.6225567811392552,,
3oyMHCAAcnWFdcGuVgwfhd,A Woman Like You,Lee Brice,temp/temp_3oyMHCAAcnWFdcGuVgwfhd.txt,temp/temp_features_3oyMHCAAcnWFdcGuVgwfhd.csv,0.1260560471976401,0.1906755162241888,0.5538505868574838,0.566834258518908,,
3tsrOkDmaJg60XJMkEmYpp,Golden (Acoustic),Becca Mancari,temp/temp_3tsrOkDmaJg60XJMkEmYpp.txt,temp/temp_features_3tsrOkDmaJg60XJMkEmYpp.csv,0.13566145833333332,0.18490625,0.44648841114581395,0.4535971831508352,,
1iepnn71MidOJZ7Y3vfgE4,People Change,Mipso,temp/temp_1iepnn71MidOJZ7Y3vfgE4.txt,temp/temp_features_1iepnn71MidOJZ7Y3vfgE4.csv,0.1582294117647059,0.23786470588235292,0.45399508340876904,0.4809953794921126,,
4e6dpHanuFVUxou9bKkLDN,Without A Word,Sara Watkins,temp/temp_4e6dpHanuFVUxou9bKkLDN.txt,temp/temp_features_4e6dpHanuFVUxou9bKkLDN.csv,0.1266196319018405,0.16379141104294478,0.48513336049956424,0.5799951772384401,,
4OrDWRw53W0rp1Lps64OFb,Where You Are - Acoustic,Tenille Townes,,temp/temp_features_4OrDWRw53W0rp1Lps64OFb.csv,,,0.5461602868792541,0.5145496663025246,,
34mkhE894kcrgBCYnnQBaw,It’s Your Move,Josh Kelley,,temp/temp_features_34mkhE894kcrgBCYnnQBaw.csv,,,0.6634787164109194,0.6456826988549308,,
0QnOPRxrCRLeRUEJKqecaG,Miles Away,Krysta Nick,,temp/temp_features_0QnOPRxrCRLeRUEJKqecaG.csv,,,0.5812420478410099,0.5924536453516,,
5ZZtNu0ZMABs6Jwomk8isG,The Captain's Daughter (Johnny Cash: Forever Words),Alison Krauss & Union Station,,temp/temp_features_5ZZtNu0ZMABs6Jwomk8isG.csv,,,0.43649311820994185,0.46488613088676645,,
6ET9kf9riLETWs9lePUEAI,Slow Burn,Kacey Musgraves,temp/temp_6ET9kf9riLETWs9lePUEAI.txt,temp/temp_features_6ET9kf9riLETWs9lePUEAI.csv,0.11664736842105261,0.14766842105263156,0.6358390559071602,0.6401781364662762,,
7yPmspgKN5MPOVlyAWFtsa,This Town Still Talks About You,Natalie Hemby,,temp/temp_features_7yPmspgKN5MPOVlyAWFtsa.csv,,,0.6317822950509229,0.666103877638281,,
69tc1oIVQ5lXRd2lHX1PF0,Damage,Rachel Wammack,,temp/temp_features_69tc1oIVQ5lXRd2lHX1PF0.csv,,,0.6267026794834246,0.6183436876458099,,
52GgfKWo0tdSbq8trVhgUj,Nothing Like You,Dave Barnes,,temp/temp_features_52GgfKWo0tdSbq8trVhgUj.csv,,,0.556304267007945,0.5991167288837597,,
0BYkrYRN04xUnZG53OHfGS,Time Is Cold (Coffee House Version),Jeffrey East,,temp/temp_features_0BYkrYRN04xUnZG53OHfGS.csv,,,0.39302380102600687,0.44537786126987355,,
1t2hJFgJyUPD2crOafMUEk,You and Tequila,Kenny Chesney,temp/temp_1t2hJFgJyUPD2crOafMUEk.txt,temp/temp_features_1t2hJFgJyUPD2crOafMUEk.csv,0.15189304812834226,0.1579893048128342,0.4928799686117442,0.5694702726197366,,
0v2pLTGuWGYaDr3bHyHOnV,What If I Stay,Chris Young,temp/temp_0v2pLTGuWGYaDr3bHyHOnV.txt,temp/temp_features_0v2pLTGuWGYaDr3bHyHOnV.csv,0.09249615384615387,0.16091923076923076,0.6285632998800909,0.6804093621254376,,
4JBKYoKFRijmnOEfFiNhbM,Forever Girl,Jon Langston,temp/temp_4JBKYoKFRijmnOEfFiNhbM.txt,temp/temp_features_4JBKYoKFRijmnOEfFiNhbM.csv,0.14553586497890295,0.23989451476793247,0.5879164155670662,0.6009930995260935,,
250RLekaiL1q9qZer975Eg,If We Were Vampires,Jason Isbell and the 400 Unit,temp/temp_250RLekaiL1q9qZer975Eg.txt,temp/temp_features_250RLekaiL1q9qZer975Eg.csv,0.1588530612244898,0.24921632653061226,0.3992924793949685,0.4994138132704765,,
5aDK0TurEtiedVdT0a6k9a,Whiskey And You,Chris Stapleton,temp/temp_5aDK0TurEtiedVdT0a6k9a.txt,temp/temp_features_5aDK0TurEtiedVdT0a6k9a.csv,0.14121929824561402,0.14726754385964913,0.44787239307137205,0.4829235176696769,,
16lPj311efhVdbwPrTgTHl,Life Is Confusing,Langhorne Slim,temp/temp_16lPj311efhVdbwPrTgTHl.txt,temp/temp_features_16lPj311efhVdbwPrTgTHl.csv,0.16586805555555553,0.13259027777777777,0.3752795198611142,0.4673777706932334,,
43bkejyRlzXjVGKvXYLHzg,Coming Down the Mountain,Mipso,temp/temp_43bkejyRlzXjVGKvXYLHzg.txt,temp/temp_features_43bkejyRlzXjVGKvXYLHzg.csv,0.10357627118644068,0.1815889830508475,0.49012859600645386,0.5360365945053709,,
3dcKeqFzK4ocPxJnVpXzID,1979,High Dive Heart,,temp/temp_features_3dcKeqFzK4ocPxJnVpXzID.csv,,,0.6527255045598179,0.6197904122237612,,
066cqT6M3IbNRaQUFnXcMF,Diamonds,Sarah Darling,,temp/temp_features_066cqT6M3IbNRaQUFnXcMF.csv,,,0.5389388693406434,0.5835362248412926,,
31dEh1OeZGv61RZzDIixue,The Love That We Need,Hayes Carll,,temp/temp_features_31dEh1OeZGv61RZzDIixue.csv,,,0.4563007402315825,0.5001181373313183,,
3rGe3ed1wHvPNgAlwNO686,Swimming Alone,Liz Rose,,temp/temp_features_3rGe3ed1wHvPNgAlwNO686.csv,,,0.577375162795704,0.6284600116911249,,
1pLbS57mLE8iG4njSQIAtX,Wait Up For Me,Amos Lee,temp/temp_1pLbS57mLE8iG4njSQIAtX.txt,temp/temp_features_1pLbS57mLE8iG4njSQIAtX.csv,0.13339795918367345,0.21596938775510202,0.46141701108818844,0.4891048271224734,,
2uMYugZ7YrpPV5IvrdmNVt,Body On Body (Johnny Cash: Forever Words),Jewel,,temp/temp_features_2uMYugZ7YrpPV5IvrdmNVt.csv,,,0.4495054629225689,0.4682683706131687,,
5GOLGi2dpY0oYwVmxZXjL8,Woulda Left Me Too,Ryan Griffin,,temp/temp_features_5GOLGi2dpY0oYwVmxZXjL8.csv,,,0.5767009476186865,0.5725088241024889,,
1JtvwshkJMxfm4oRhJp93C,The Time I've Wasted,Lori McKenna,temp/temp_1JtvwshkJMxfm4oRhJp93C.txt,temp/temp_features_1JtvwshkJMxfm4oRhJp93C.csv,0.11990232558139535,0.15806976744186046,0.5025015673364205,0.5355538749711448,,
02eD9ymfJOJOhM97HYp5R9,The House That Built Me,Miranda Lambert,temp/temp_02eD9ymfJOJOhM97HYp5R9.txt,temp/temp_features_02eD9ymfJOJOhM97HYp5R9.csv,0.11017508417508418,0.17497306397306397,0.5440881815963066,0.6313930919919639,,
2ViAxjf9aF2pgfpXYy0AwM,Just In Case - Acoustic,Catherine McGrath,,temp/temp_features_2ViAxjf9aF2pgfpXYy0AwM.csv,,,0.5317114356367323,0.5641927284113083,,
4dQCgHy1lh24ystDObYXDB,Giving It All (To You),Haley & Michaels,,temp/temp_features_4dQCgHy1lh24ystDObYXDB.csv,,,0.5530805686506346,0.5622223838677809,,
4ftYIbHbKSVZWyrveFHCNu,Call It Dreaming,Iron & Wine,temp/temp_4ftYIbHbKSVZWyrveFHCNu.txt,temp/temp_features_4ftYIbHbKSVZWyrveFHCNu.csv,0.16598206278026906,0.2318520179372197,0.605713051966454,0.5981397063947013,,
3d5pGFm3KHRIfpP9hG80jr,Blacked Out,Chris Young,temp/temp_3d5pGFm3KHRIfpP9hG80jr.txt,temp/temp_features_3d5pGFm3KHRIfpP9hG80jr.csv,0.10365420560747664,0.1462663551401869,0.47845701871780055,0.5109882803855328,,
3sZpfLcumDW0henSU6wbie,Mona Lisas And Mad Hatters,Maren Morris,,temp/temp_features_3sZpfLcumDW0henSU6wbie.csv,,,0.5931561624043611,0.6530240194809815,,
6arLnfArtdWKOcCYzDd4rS,Nowhere Fast,Old Dominion,temp/temp_6arLnfArtdWKOcCYzDd4rS.txt,temp/temp_features_6arLnfArtdWKOcCYzDd4rS.csv,0.12540265486725666,0.1855929203539823,0.5516525340729869,0.5910564414544512,,
1yyXmUb99vQ1BI1ee9gkFh,Brighter Shade of Blue,Jordan DePaul,,temp/temp_features_1yyXmUb99vQ1BI1ee9gkFh.csv,,,0.5354898427618897,0.5176121492471284,,
35OJNr3isVPPjiW02Km3bp,Streets of Aberdeen,Hellbound Glory,,temp/temp_features_35OJNr3isVPPjiW02Km3bp.csv,,,0.525431922640639,0.5704114371414827,,
0TMlTIEl0dBEZ5zVsFsWmx,When The Right One Comes Along,Nashville Cast,,temp/temp_features_0TMlTIEl0dBEZ5zVsFsWmx.csv,,,0.3957842801186905,0.4725855721438271,,
2VIPU72L6tIR4w8J8ap6Kp,Mercy,Brett Young,temp/temp_2VIPU72L6tIR4w8J8ap6Kp.txt,temp/temp_features_2VIPU72L6tIR4w8J8ap6Kp.csv,0.10597402597402597,0.1528225108225108,0.5107943072092741,0.5570306794202576,,
1B17jo7XD3lJ9AtrdE9kUd,She Don't Love You,Eric Paslay,temp/temp_1B17jo7XD3lJ9AtrdE9kUd.txt,temp/temp_features_1B17jo7XD3lJ9AtrdE9kUd.csv,0.11755924170616115,0.18985308056872038,0.6505295980632129,0.6506370072510973,,
4jXgMitWFlkmXbKXUbyubz,Pieces of You,Chris Carmack,,temp/temp_features_4jXgMitWFlkmXbKXUbyubz.csv,,,0.5376461539116136,0.5963960375548275,,
59iILyv9x7MA04G1VDA5Q8,Singing to Me,Parker Millsap,temp/temp_59iILyv9x7MA04G1VDA5Q8.txt,temp/temp_features_59iILyv9x7MA04G1VDA5Q8.csv,0.10207428571428573,0.10565714285714285,0.5565101937048008,0.5814817130010194,,
0u2P5u6lvoDfwTYjAADbn4,lovely (with Khalid),Billie Eilish,,temp/temp_features_0u2P5u6lvoDfwTYjAADbn4.csv,,,0.4938989545327491,0.5059485989716589,,
2GwShNdcJHDLEkGO4L34lF,Back To You,The Mayries,,temp/temp_features_2GwShNdcJHDLEkGO4L34lF.csv,,,0.4719375827397988,0.4601933842017769,,
2RttW7RAu5nOAfq6YFvApB,Happier,Ed Sheeran,temp/temp_2RttW7RAu5nOAfq6YFvApB.txt,temp/temp_features_2RttW7RAu5nOAfq6YFvApB.csv,0.1264448275862069,0.18033793103448276,0.6178504301379248,0.6583225411858027,,
69vToJ9BMbbLlFZo7k7A7B,You Are The Reason,Calum Scott,temp/temp_69vToJ9BMbbLlFZo7k7A7B.txt,temp/temp_features_69vToJ9BMbbLlFZo7k7A7B.csv,0.13152488687782804,0.16584615384615384,0.6375006364492983,0.6138077240630664,,
7krbSH3rd8lhIZvuzTV3Bl,Naked,James Arthur,temp/temp_7krbSH3rd8lhIZvuzTV3Bl.txt,temp/temp_features_7krbSH3rd8lhIZvuzTV3Bl.csv,0.12795744680851065,0.14914285714285713,0.6296810455511941,0.6680621879426608,,
7sTtHHrD0zDpmzQzH3zegz,Consequences,Camila Cabello,temp/temp_7sTtHHrD0zDpmzQzH3zegz.txt,temp/temp_features_7sTtHHrD0zDpmzQzH3zegz.csv,0.10241618497109826,0.1426242774566474,0.4679043810547061,0.48898858877738405,,
4VuS959DSpr82t3qBqCrWG,Supermarket Flowers,Ed Sheeran,temp/temp_4VuS959DSpr82t3qBqCrWG.txt,temp/temp_features_4VuS959DSpr82t3qBqCrWG.csv,0.10230627306273063,0.166830258302583,0.512535735729555,0.5121592097879536,,
0VhgEqMTNZwYL1ARDLLNCX,Can I Be Him,James Arthur,temp/temp_0VhgEqMTNZwYL1ARDLLNCX.txt,temp/temp_features_0VhgEqMTNZwYL1ARDLLNCX.csv,0.1043342939481268,0.1683054755043228,0.5098246768489361,0.5050846022648933,,
5Cv1xqpyciZZuHHR7xr2l0,the broken hearts club,gnash,,temp/temp_features_5Cv1xqpyciZZuHHR7xr2l0.csv,,,0.5109757914010685,0.527504986957523,,
0jllH0usRFD4LJkJnGK9Lf,Complicated,Olivia O'Brien,,temp/temp_features_0jllH0usRFD4LJkJnGK9Lf.csv,,,0.3950408873638873,0.4942848838342826,,
5GT8b1dFaOWFF5twsmSOYx,The Best You Had,Nina Nesbitt,temp/temp_5GT8b1dFaOWFF5twsmSOYx.txt,temp/temp_features_5GT8b1dFaOWFF5twsmSOYx.csv,0.07033841463414633,0.07872560975609756,0.5909973052598534,0.6156459628653008,,
7fkXzzIVo98CgjOkpd9H0V,Already Gone,Sleeping At Last,,temp/temp_features_7fkXzzIVo98CgjOkpd9H0V.csv,,,0.39443201918698234,0.4230138846559275,,
4VPXFi4vFTtS9wHe6oMQaT,I Can't Fall in Love Without You,Zara Larsson,temp/temp_4VPXFi4vFTtS9wHe6oMQaT.txt,temp/temp_features_4VPXFi4vFTtS9wHe6oMQaT.csv,0.1447914438502674,0.1782139037433155,0.5568723058825187,0.5428371342076562,,
2TukzxmwVW0JkiI8isgUXd,Need Somebody (Acoustic),Xuitcasecity,,temp/temp_features_2TukzxmwVW0JkiI8isgUXd.csv,,,0.5374501296771872,0.5497090419223281,,
4GUXTRTjQ4voLzwLw9qbPx,I Believe You,FLETCHER,,temp/temp_features_4GUXTRTjQ4voLzwLw9qbPx.csv,,,0.5403198092559598,0.5610073371762613,,
0UkZ0epPTahsPgLXacC5EG,Worthy Of You,Plested,,temp/temp_features_0UkZ0epPTahsPgLXacC5EG.csv,,,0.47016840929005355,0.4965398769331867,,
4KnnWpUyPfQD6X5SQSTlH3,Turn Back Time,Daniel Schulz,,temp/temp_features_4KnnWpUyPfQD6X5SQSTlH3.csv,,,0.5487135469837732,0.6065926925204537,,
7oHijHxh7cI40fNC4S619V,Runaway,Sasha Sloan,,temp/temp_features_7oHijHxh7cI40fNC4S619V.csv,,,0.5273817248819965,0.556830473816681,,
3gwJhiaCPcdLgPePwxPd1S,Only You - Acoustic,Sarah Close,,temp/temp_features_3gwJhiaCPcdLgPePwxPd1S.csv,,,0.4502634839029902,0.4963304612063384,,
7tTRP2vA00uScZ4SjB3ZQZ,Rush (feat. Jessie Reyez),Lewis Capaldi,,temp/temp_features_7tTRP2vA00uScZ4SjB3ZQZ.csv,,,0.6050730881287811,0.6558455248065158,,
1almCHdsfikRPfVB9VrEdT,Little Do You Know,Alex & Sierra,temp/temp_1almCHdsfikRPfVB9VrEdT.txt,temp/temp_features_1almCHdsfikRPfVB9VrEdT.csv,0.1511934306569343,0.2423759124087591,0.5713674818155494,0.6128636771247391,,
1afyMOxQCyfxUOSrCkStsy,Wildfire,SYML,temp/temp_1afyMOxQCyfxUOSrCkStsy.txt,temp/temp_features_1afyMOxQCyfxUOSrCkStsy.csv,0.14918828451882843,0.17717991631799163,0.4536070851978473,0.48238470015631163,,
52okn5MNA47tk87PeZJLEL,Let You Down,NF,temp/temp_52okn5MNA47tk87PeZJLEL.txt,temp/temp_features_52okn5MNA47tk87PeZJLEL.csv,0.13010961214165262,0.16020236087689713,0.5297115515159522,0.5452806438931295,,
3g2koMSfvsAGKcBAHyFtUF,Alone With You,Canyon City,,temp/temp_features_3g2koMSfvsAGKcBAHyFtUF.csv,,,0.38915477377653573,0.5067120481611982,,
7IL3UOlcJ6nmcCMwpnlfcA,Something's Gotta Give,Camila Cabello,temp/temp_7IL3UOlcJ6nmcCMwpnlfcA.txt,temp/temp_features_7IL3UOlcJ6nmcCMwpnlfcA.csv,0.12882295081967213,0.1935967213114754,0.4847222539968462,0.5138670707984716,,
5NRl32BO29q8xtWFvOlHZE,River Of Tears,Alessia Cara,temp/temp_5NRl32BO29q8xtWFvOlHZE.txt,temp/temp_features_5NRl32BO29q8xtWFvOlHZE.csv,0.1272222222222222,0.16082407407407406,0.4803235355600912,0.49191846353406343,,
2S2od3hT7ceytw7d1pTRuE,Again,Noah Cyrus,temp/temp_2S2od3hT7ceytw7d1pTRuE.txt,temp/temp_features_2S2od3hT7ceytw7d1pTRuE.csv,0.10395394736842105,0.16639802631578948,0.6343893889933461,0.6624232097907525,,
3wD9lRUL8hYJzPnJDSCzD9,Only You,Parson James,,temp/temp_features_3wD9lRUL8hYJzPnJDSCzD9.csv,,,0.47444060588614445,0.5216063636054562,,
4L2K7JKseFCBoHMZEAszW0,Jealous,Labrinth,temp/temp_4L2K7JKseFCBoHMZEAszW0.txt,temp/temp_features_4L2K7JKseFCBoHMZEAszW0.csv,0.13343050847457627,0.13254915254237287,0.4360373797140338,0.4930296470699356,,
41WTP0gosjYD74B06uS2tL,You Said You'd Grow Old With Me,Michael Schulte,temp/temp_41WTP0gosjYD74B06uS2tL.txt,temp/temp_features_41WTP0gosjYD74B06uS2tL.csv,0.07377314814814814,0.12352314814814813,0.4586806432433185,0.487882785404401,,
6dVa7xk5dOoT6pOkDw1TMH,Brother,Kodaline,temp/temp_6dVa7xk5dOoT6pOkDw1TMH.txt,temp/temp_features_6dVa7xk5dOoT6pOkDw1TMH.csv,0.11614666666666668,0.17830333333333334,0.5331705898667627,0.5627846988690082,,
22uyZjmZR0DX8FyrIwQl35,"1,000 Years",Liza Anne,temp/temp_22uyZjmZR0DX8FyrIwQl35.txt,temp/temp_features_22uyZjmZR0DX8FyrIwQl35.csv,0.12350393700787402,0.18205511811023622,0.4922026283579568,0.5160897944889375,,
0P3wANnHa96Q7qOBzZrvD5,Should Have Been Us,Travis Atreo,,temp/temp_features_0P3wANnHa96Q7qOBzZrvD5.csv,,,0.5465089803026796,0.5787971258555308,,
3yURJ9poXVr39qR04DnlfZ,Empty House,Billy Lockett,,temp/temp_features_3yURJ9poXVr39qR04DnlfZ.csv,,,0.5791082925256913,0.6059782473073225,,
72C7aUQECOhNtnD0AC36ua,They Don't Know About Us,One Direction,temp/temp_72C7aUQECOhNtnD0AC36ua.txt,temp/temp_features_72C7aUQECOhNtnD0AC36ua.csv,0.1155232558139535,0.17968139534883723,0.6605647655674964,0.5954452855549638,,
6PmhCEPMjhSo9j8hz767xy,Summer's Gone,Maria Lynn,,temp/temp_features_6PmhCEPMjhSo9j8hz767xy.csv,,,0.4706405486808154,0.5189970061588529,,
0cTp3CDDzHYXR96u1qrPOI,Bittersweet,George Glew,,temp/temp_features_0cTp3CDDzHYXR96u1qrPOI.csv,,,0.49129811601102114,0.5453185331864708,,
6e40mgJiCid5HRAGrbpGA6,I Want It That Way,Backstreet Boys,temp/temp_6e40mgJiCid5HRAGrbpGA6.txt,temp/temp_features_6e40mgJiCid5HRAGrbpGA6.csv,0.11682575757575756,0.13385606060606062,0.6659528513727044,0.7046742374112851,,
14iN3o8ptQ8cFVZTEmyQRV,I Kissed A Girl,Katy Perry,temp/temp_14iN3o8ptQ8cFVZTEmyQRV.txt,temp/temp_features_14iN3o8ptQ8cFVZTEmyQRV.csv,0.11572348484848487,0.17296590909090911,0.6684938073616374,0.7261996430558437,,
2tUBqZG2AbRi7Q0BIrVrEj,I Wanna Dance with Somebody (Who Loves Me),Whitney Houston,temp/temp_2tUBqZG2AbRi7Q0BIrVrEj.txt,temp/temp_features_2tUBqZG2AbRi7Q0BIrVrEj.csv,0.1233162393162393,0.15403988603988605,0.5935460261614818,0.5879239153102609,,
3SdTKo2uVsxFblQjpScoHy,Stand By Me,Ben E. King,temp/temp_3SdTKo2uVsxFblQjpScoHy.txt,temp/temp_features_3SdTKo2uVsxFblQjpScoHy.csv,0.09211728395061727,0.12967283950617284,0.5799681203554711,0.586126255339541,,
5zA8vzDGqPl2AzZkEYQGKh,Uptown Girl,Billy Joel,temp/temp_5zA8vzDGqPl2AzZkEYQGKh.txt,temp/temp_features_5zA8vzDGqPl2AzZkEYQGKh.csv,0.11966776315789474,0.17269736842105263,0.6183732404982908,0.6460372312926081,,
1EzrEOXmMH3G43AXT1y7pA,I'm Yours,Jason Mraz,temp/temp_1EzrEOXmMH3G43AXT1y7pA.txt,temp/temp_features_1EzrEOXmMH3G43AXT1y7pA.csv,0.12349709302325582,0.16969476744186046,0.5693318996540753,0.5906297862707008,,
6RX5iL93VZ5fKmyvNXvF1r,Irreplaceable,Beyoncé,temp/temp_6RX5iL93VZ5fKmyvNXvF1r.txt,temp/temp_features_6RX5iL93VZ5fKmyvNXvF1r.csv,0.09497459165154264,0.1445589836660617,0.5304143332537296,0.589934176787688,,
4o6BgsqLIBViaGVbx5rbRk,You Make My Dreams,Daryl Hall & John Oates,temp/temp_4o6BgsqLIBViaGVbx5rbRk.txt,temp/temp_features_4o6BgsqLIBViaGVbx5rbRk.csv,0.0904672131147541,0.1347950819672131,0.5512886742453186,0.5991391511892461,,
05wIrZSwuaVWhcv5FfqeH0,Walking On Sunshine,Katrina & The Waves,temp/temp_05wIrZSwuaVWhcv5FfqeH0.txt,temp/temp_features_05wIrZSwuaVWhcv5FfqeH0.csv,0.11587848101265824,0.19144050632911394,0.6534504152806737,0.6552465899939859,,
3fthfkkvy9av3q3uAGVf7U,Shake It Off,Taylor Swift,temp/temp_3fthfkkvy9av3q3uAGVf7U.txt,temp/temp_features_3fthfkkvy9av3q3uAGVf7U.csv,0.09463829787234043,0.08363475177304966,0.5899784454185449,0.6115456318568753,,
3goSVuTt3fDYDP6kRnFwuL,Take A Bow,Rihanna,temp/temp_3goSVuTt3fDYDP6kRnFwuL.txt,temp/temp_features_3goSVuTt3fDYDP6kRnFwuL.csv,0.09510197368421053,0.12050986842105263,0.5829305086846857,0.6239366923106888,,
5nNmj1cLH3r4aA4XDJ2bgY,September,"Earth, Wind & Fire",temp/temp_5nNmj1cLH3r4aA4XDJ2bgY.txt,temp/temp_features_5nNmj1cLH3r4aA4XDJ2bgY.csv,0.10229655172413793,0.15919655172413794,0.5935051509567687,0.6339431193728131,,
4kbj5MwxO1bq9wjT5g9HaA,Shut Up and Dance,WALK THE MOON,temp/temp_4kbj5MwxO1bq9wjT5g9HaA.txt,temp/temp_features_4kbj5MwxO1bq9wjT5g9HaA.csv,0.11556160458452722,0.17171633237822348,0.6893274257326697,0.6946445129290519,,
0mUyMawtxj1CJ76kn9gIZK,Bad Day,Daniel Powter,temp/temp_0mUyMawtxj1CJ76kn9gIZK.txt,temp/temp_features_0mUyMawtxj1CJ76kn9gIZK.csv,0.1547051282051282,0.1881871794871795,0.6956116408910012,0.7401321842426963,,
3HRQtRUYnnuZY7fE900XtJ,Don't Stop Believin',Journey,temp/temp_3HRQtRUYnnuZY7fE900XtJ.txt,temp/temp_features_3HRQtRUYnnuZY7fE900XtJ.csv,0.08984375,0.16746875,0.6161262762406131,0.581979159093923,,
3ZFTkvIE7kyPt6Nu3PEa7V,Hips Don't Lie,Shakira,temp/temp_3ZFTkvIE7kyPt6Nu3PEa7V.txt,temp/temp_features_3ZFTkvIE7kyPt6Nu3PEa7V.csv,0.12455405405405406,0.15911824324324325,0.6067448189445794,0.6092555108565542,,
5t3oszlshIPTzpAwcCMqgw,When You're Looking Like That - Single Remix,Westlife,,temp/temp_features_5t3oszlshIPTzpAwcCMqgw.csv,,,0.6937193482557539,0.6895741345200717,,
1Je1IMUlBXcx1Fz0WE7oPT,Wannabe,Spice Girls,temp/temp_1Je1IMUlBXcx1Fz0WE7oPT.txt,temp/temp_features_1Je1IMUlBXcx1Fz0WE7oPT.csv,0.08105664062500001,0.122771484375,0.5916807046831286,0.6218212272642969,,
1NrJYpdAi7uosDRPmSYrsG,Apologize,OneRepublic,temp/temp_1NrJYpdAi7uosDRPmSYrsG.txt,temp/temp_features_1NrJYpdAi7uosDRPmSYrsG.csv,0.12293846153846154,0.1444923076923077,0.6215838391622789,0.6437340038654424,,
4nVBt6MZDDP6tRVdQTgxJg,Story of My Life,One Direction,temp/temp_4nVBt6MZDDP6tRVdQTgxJg.txt,temp/temp_features_4nVBt6MZDDP6tRVdQTgxJg.csv,0.14427197802197805,0.21982142857142858,0.5293825881584155,0.5362047043979181,,
5tdKaKLnC4SgtDZ6RlWeal,How Will I Know,Whitney Houston,temp/temp_5tdKaKLnC4SgtDZ6RlWeal.txt,temp/temp_features_5tdKaKLnC4SgtDZ6RlWeal.csv,0.10667619047619048,0.16783333333333333,0.6217236707601694,0.6558027200262895,,
6naxalmIoLFWR0siv8dnQQ,Oops!...I Did It Again,Britney Spears,temp/temp_6naxalmIoLFWR0siv8dnQQ.txt,temp/temp_features_6naxalmIoLFWR0siv8dnQQ.csv,0.09342052980132451,0.13162913907284768,0.5851640948861059,0.6439258724423533,,
0IF0vGwaJQ8ZCh0QxhW6OV,Man! I Feel Like A Woman!,Shania Twain,temp/temp_0IF0vGwaJQ8ZCh0QxhW6OV.txt,temp/temp_features_0IF0vGwaJQ8ZCh0QxhW6OV.csv,0.16691925465838509,0.21805900621118007,0.6425160437750139,0.6577187072373497,,
1KGi9sZVMeszgZOWivFpxs,No Scrubs,TLC,temp/temp_1KGi9sZVMeszgZOWivFpxs.txt,temp/temp_features_1KGi9sZVMeszgZOWivFpxs.csv,0.12213418530351437,0.15776837060702875,0.5325640345585956,0.5359227692960105,,
7iN1s7xHE4ifF5povM6A48,Let It Be - Remastered 2009,The Beatles,temp/temp_7iN1s7xHE4ifF5povM6A48.txt,temp/temp_features_7iN1s7xHE4ifF5povM6A48.csv,0.1125410447761194,0.22382835820895522,0.6480722075326519,0.6771398874087063,,
0FE9t6xYkqWXU2ahLh6D8X,Shape of You,Ed Sheeran,temp/temp_0FE9t6xYkqWXU2ahLh6D8X.txt,temp/temp_features_0FE9t6xYkqWXU2ahLh6D8X.csv,0.1317440828402367,0.21358136094674554,0.5488580738643696,0.5644068542072314,,
1QUpqu8865jfasDr8M3IKN,A Thousand Years,Christina Perri,temp/temp_1QUpqu8865jfasDr8M3IKN.txt,temp/temp_features_1QUpqu8865jfasDr8M3IKN.csv,0.15031018518518519,0.23953703703703702,0.630865169308547,0.5879001541276201,,
6mYrhCAGWzTdF8QnKuchXM,If I Could Turn Back Time,Cher,temp/temp_6mYrhCAGWzTdF8QnKuchXM.txt,temp/temp_features_6mYrhCAGWzTdF8QnKuchXM.csv,0.1510558659217877,0.20218435754189945,0.6335492228759642,0.5884162342215792,,
0HEmnAUT8PHznIAAmVXqFJ,Faith - Remastered,George Michael,,temp/temp_features_0HEmnAUT8PHznIAAmVXqFJ.csv,,,0.5898045651337336,0.5920743665824793,,
3cfOd4CMv2snFaKAnMdnvK,All Star,Smash Mouth,temp/temp_3cfOd4CMv2snFaKAnMdnvK.txt,temp/temp_features_3cfOd4CMv2snFaKAnMdnvK.csv,0.1361441241685144,0.17623503325942352,0.5588550104147142,0.5955000992725851,,
1mea3bSkSGXuIRvnydlB5b,Viva La Vida,Coldplay,temp/temp_1mea3bSkSGXuIRvnydlB5b.txt,temp/temp_features_1mea3bSkSGXuIRvnydlB5b.csv,0.13470567375886525,0.17920567375886526,0.6736308158477889,0.7171541365071438,,
5IKLwqBQG6KU6MP2zP80Nu,We Are Family,Sister Sledge,temp/temp_5IKLwqBQG6KU6MP2zP80Nu.txt,temp/temp_features_5IKLwqBQG6KU6MP2zP80Nu.csv,0.11029285714285714,0.18553571428571428,0.6832500465798231,0.7571601803767242,,
50kpGaPAhYJ3sGmk6vplg0,Love Yourself,Justin Bieber,temp/temp_50kpGaPAhYJ3sGmk6vplg0.txt,temp/temp_features_50kpGaPAhYJ3sGmk6vplg0.csv,0.09769909502262444,0.14688914027149325,0.4755744634564827,0.509708673026817,,
2Mpj1Ul5OFPyyP4wB62Rvi,Survivor,Destiny's Child,temp/temp_2Mpj1Ul5OFPyyP4wB62Rvi.txt,temp/temp_features_2Mpj1Ul5OFPyyP4wB62Rvi.csv,0.0853203539823009,0.13089734513274337,0.45008122501474823,0.47492858960006334,,
2goLsvvODILDzeeiT4dAoR,Believe,Cher,temp/temp_2goLsvvODILDzeeiT4dAoR.txt,temp/temp_features_2goLsvvODILDzeeiT4dAoR.csv,0.12502583979328166,0.18563307493540052,0.5743059781510917,0.6146451755895752,,
0vg4WnUWvze6pBOJDTq99k,You're Beautiful,James Blunt,temp/temp_0vg4WnUWvze6pBOJDTq99k.txt,temp/temp_features_0vg4WnUWvze6pBOJDTq99k.csv,0.12047849462365592,0.2114139784946237,0.5860966379132344,0.6188754015385225,,
6CQaVuICm1WVXyy3SZ5jEI,"Valerie - Live At BBC Radio 1 Live Lounge, London / 2007",Amy Winehouse,,temp/temp_features_6CQaVuICm1WVXyy3SZ5jEI.csv,,,0.5160145940844318,0.5495320481801427,,
0ByMNEPAPpOR5H69DVrTNy,Don't Stop The Music,Rihanna,temp/temp_0ByMNEPAPpOR5H69DVrTNy.txt,temp/temp_features_0ByMNEPAPpOR5H69DVrTNy.csv,0.14636456211812626,0.160122199592668,0.5083273514454967,0.5445599597985344,,
66S14BkJDxgkYxLl5DCqOz,I'm Gonna Be (500 Miles),The Proclaimers,temp/temp_66S14BkJDxgkYxLl5DCqOz.txt,temp/temp_features_66S14BkJDxgkYxLl5DCqOz.csv,0.09358248472505092,0.16134012219959268,0.666107525529867,0.7257328456486586,,
3qI94hINNNeb4S7xQi18lS,Blame It on the Boogie,The Jacksons,temp/temp_3qI94hINNNeb4S7xQi18lS.txt,temp/temp_features_3qI94hINNNeb4S7xQi18lS.csv,0.12912669683257919,0.14761990950226245,0.6654048543810083,0.6751925768214253,,
6t6oULCRS6hnI7rm0h5gwl,Some Nights,fun.,temp/temp_6t6oULCRS6hnI7rm0h5gwl.txt,temp/temp_features_6t6oULCRS6hnI7rm0h5gwl.csv,0.09034446764091858,0.12417118997912316,0.6285916456428142,0.6034014327823962,,
